{
  "Total" : {
    "transaction" : "Total",
    "sampleCount" : 720,
    "errorCount" : 483,
    "errorPct" : 67.083336,
    "meanResTime" : 1023.355555555555,
    "medianResTime" : 964.0,
    "minResTime" : 519.0,
    "maxResTime" : 7309.0,
    "pct1ResTime" : 1396.0,
    "pct2ResTime" : 1471.0,
    "pct3ResTime" : 2395.79,
    "throughput" : 2.0983973490246823,
    "receivedKBytesPerSec" : 0.47336893322724766,
    "sentKBytesPerSec" : 0.3217269373016359
  },
  "conf 3 req" : {
    "transaction" : "conf 3 req",
    "sampleCount" : 240,
    "errorCount" : 3,
    "errorPct" : 1.25,
    "meanResTime" : 567.4708333333334,
    "medianResTime" : 561.5,
    "minResTime" : 519.0,
    "maxResTime" : 710.0,
    "pct1ResTime" : 604.9,
    "pct2ResTime" : 617.0,
    "pct3ResTime" : 642.59,
    "throughput" : 2.1325750844144307,
    "receivedKBytesPerSec" : 0.4810789497067709,
    "sentKBytesPerSec" : 0.32696707837213435
  },
  "conf 1 req" : {
    "transaction" : "conf 1 req",
    "sampleCount" : 240,
    "errorCount" : 240,
    "errorPct" : 100.0,
    "meanResTime" : 1529.891666666667,
    "medianResTime" : 1367.5,
    "minResTime" : 1320.0,
    "maxResTime" : 7309.0,
    "pct1ResTime" : 1580.7,
    "pct2ResTime" : 2174.0,
    "pct3ResTime" : 6897.820000000003,
    "throughput" : 2.040712208560788,
    "receivedKBytesPerSec" : 0.46035597673588086,
    "sentKBytesPerSec" : 0.31288263353910517
  },
  "conf 2 req" : {
    "transaction" : "conf 2 req",
    "sampleCount" : 240,
    "errorCount" : 240,
    "errorPct" : 100.0,
    "meanResTime" : 972.7041666666663,
    "medianResTime" : 964.0,
    "minResTime" : 912.0,
    "maxResTime" : 1236.0,
    "pct1ResTime" : 1014.9,
    "pct2ResTime" : 1024.85,
    "pct3ResTime" : 1175.7700000000004,
    "throughput" : 2.124890435336928,
    "receivedKBytesPerSec" : 0.479345400940264,
    "sentKBytesPerSec" : 0.32578886557411885
  }
}