{
  "Total" : {
    "transaction" : "Total",
    "sampleCount" : 720,
    "errorCount" : 0,
    "errorPct" : 0.0,
    "meanResTime" : 991.9597222222228,
    "medianResTime" : 979.0,
    "minResTime" : 518.0,
    "maxResTime" : 1610.0,
    "pct1ResTime" : 1391.0,
    "pct2ResTime" : 1423.0,
    "pct3ResTime" : 1526.6499999999987,
    "throughput" : 2.1253734163016142,
    "receivedKBytesPerSec" : 0.4794543546539774,
    "sentKBytesPerSec" : 0.32586291636655607
  },
  "conf 3 req" : {
    "transaction" : "conf 3 req",
    "sampleCount" : 240,
    "errorCount" : 0,
    "errorPct" : 0.0,
    "meanResTime" : 585.7333333333331,
    "medianResTime" : 569.0,
    "minResTime" : 518.0,
    "maxResTime" : 870.0,
    "pct1ResTime" : 650.6,
    "pct2ResTime" : 687.6999999999999,
    "pct3ResTime" : 811.8000000000001,
    "throughput" : 2.132252991817479,
    "receivedKBytesPerSec" : 0.48100629014632584,
    "sentKBytesPerSec" : 0.32691769503451584
  },
  "conf 1 req" : {
    "transaction" : "conf 1 req",
    "sampleCount" : 240,
    "errorCount" : 0,
    "errorPct" : 0.0,
    "meanResTime" : 1381.500000000001,
    "medianResTime" : 1369.5,
    "minResTime" : 1322.0,
    "maxResTime" : 1610.0,
    "pct1ResTime" : 1444.7,
    "pct2ResTime" : 1481.8,
    "pct3ResTime" : 1592.72,
    "throughput" : 2.1201600720854423,
    "receivedKBytesPerSec" : 0.4782782975114621,
    "sentKBytesPerSec" : 0.32506360480216256
  },
  "conf 2 req" : {
    "transaction" : "conf 2 req",
    "sampleCount" : 240,
    "errorCount" : 0,
    "errorPct" : 0.0,
    "meanResTime" : 1008.645833333333,
    "medianResTime" : 979.0,
    "minResTime" : 919.0,
    "maxResTime" : 1484.0,
    "pct1ResTime" : 1115.3,
    "pct2ResTime" : 1194.4499999999996,
    "pct3ResTime" : 1454.39,
    "throughput" : 2.1249656906581196,
    "receivedKBytesPerSec" : 0.4793623774824469,
    "sentKBytesPerSec" : 0.32580040374348124
  }
}